,Unnamed: 0,unique_id,is_best,name,origin,destination,departure time,arrival time,duration,stops,price,dis_from_origin,dis_from_dest,departure_dt,departure_seconds,arrival_dt,arrival_seconds,duration_min
0,0,ITH_IAD1,True,United,ITH,IAD,"10:28 AM on Mon, Oct 20","11:50 AM on Mon, Oct 20",1 hr 22 min,0.0,204.0,2.7076716238688823,5.410058604672028,1900-10-20 10:28:00,4271280.0,1900-10-20 11:50:00,4276200.0,82
1,1,ITH_IAD2,True,United,ITH,IAD,"7:53 PM on Mon, Oct 20","9:15 PM on Mon, Oct 20",1 hr 22 min,0.0,204.0,2.7076716238688823,5.410058604672028,1900-10-20 19:53:00,4305180.0,1900-10-20 21:15:00,4310100.0,82
2,2,SYR_IAD1,True,United,SYR,IAD,"2:50 PM on Mon, Oct 20","4:16 PM on Mon, Oct 20",1 hr 26 min,0.0,235.0,49.09457496460707,5.410058604672028,1900-10-20 14:50:00,4287000.0,1900-10-20 16:16:00,4292160.0,86
3,3,SYR_IAD23,False,United,SYR,IAD,"10:28 AM on Mon, Oct 20","11:55 AM on Mon, Oct 20",1 hr 27 min,0.0,267.0,49.09457496460707,5.410058604672028,1900-10-20 10:28:00,4271280.0,1900-10-20 11:55:00,4276500.0,87
4,4,SYR_DCA0,True,American,SYR,DCA,"5:37 PM on Mon, Oct 20","6:59 PM on Mon, Oct 20",1 hr 22 min,0.0,204.0,49.09457496460707,18.712439121823174,1900-10-20 17:37:00,4297020.0,1900-10-20 18:59:00,4301940.0,82
5,5,SYR_IAD0,True,United,SYR,IAD,"7:45 PM on Mon, Oct 20","9:10 PM on Mon, Oct 20",1 hr 25 min,0.0,204.0,49.09457496460707,5.410058604672028,1900-10-20 19:45:00,4304700.0,1900-10-20 21:10:00,4309800.0,85
6,6,ITH_DCA1,True,Delta,ITH,DCA,"2:05 PM on Mon, Oct 20","6:00 PM on Mon, Oct 20",3 hr 55 min,1.0,214.0,2.7076716238688823,18.712439121823174,1900-10-20 14:05:00,4284300.0,1900-10-20 18:00:00,4298400.0,235
7,7,ITH_IAD0,True,United,ITH,IAD,"6:10 AM on Mon, Oct 20","7:32 AM on Mon, Oct 20",1 hr 22 min,0.0,204.0,2.7076716238688823,5.410058604672028,1900-10-20 06:10:00,4255800.0,1900-10-20 07:32:00,4260720.0,82
8,8,ITH_IAD4,True,Delta,ITH,IAD,"2:05 PM on Mon, Oct 20","7:18 PM on Mon, Oct 20",5 hr 13 min,1.0,214.0,2.7076716238688823,5.410058604672028,1900-10-20 14:05:00,4284300.0,1900-10-20 19:18:00,4303080.0,313
9,9,SYR_IAD2,True,United,SYR,IAD,"6:10 AM on Mon, Oct 20","7:35 AM on Mon, Oct 20",1 hr 25 min,0.0,236.0,49.09457496460707,5.410058604672028,1900-10-20 06:10:00,4255800.0,1900-10-20 07:35:00,4260900.0,85
10,10,SYR_DCA112,False,American,SYR,DCA,"11:50 AM on Mon, Oct 20","1:11 PM on Mon, Oct 20",1 hr 21 min,0.0,517.0,49.09457496460707,18.712439121823174,1900-10-20 11:50:00,4276200.0,1900-10-20 13:11:00,4281060.0,81
11,11,SYR_DCA100,False,American,SYR,DCA,"6:00 AM on Mon, Oct 20","7:29 AM on Mon, Oct 20",1 hr 29 min,0.0,430.0,49.09457496460707,18.712439121823174,1900-10-20 06:00:00,4255200.0,1900-10-20 07:29:00,4260540.0,89
12,12,SYR_DCA103,False,Delta,SYR,DCA,"12:17 PM on Mon, Oct 20","4:12 PM on Mon, Oct 20",3 hr 55 min,1.0,460.0,49.09457496460707,18.712439121823174,1900-10-20 12:17:00,4277820.0,1900-10-20 16:12:00,4291920.0,235
13,13,ITH_IAD3,True,Delta,ITH,IAD,"5:40 AM on Mon, Oct 20","11:57 AM on Mon, Oct 20",6 hr 17 min,1.0,214.0,2.7076716238688823,5.410058604672028,1900-10-20 05:40:00,4254000.0,1900-10-20 11:57:00,4276620.0,377
14,14,ITH_IAD5,True,Delta,ITH,IAD,"2:05 PM on Mon, Oct 20","11:00 PM on Mon, Oct 20",8 hr 55 min,2.0,425.0,2.7076716238688823,5.410058604672028,1900-10-20 14:05:00,4284300.0,1900-10-20 23:00:00,4316400.0,535
15,15,ITH_DCA0,True,Delta,ITH,DCA,"5:40 AM on Mon, Oct 20","10:06 AM on Mon, Oct 20",4 hr 26 min,1.0,214.0,2.7076716238688823,18.712439121823174,1900-10-20 05:40:00,4254000.0,1900-10-20 10:06:00,4269960.0,266
16,16,ITH_DCA2,True,Delta,ITH,DCA,"2:05 PM on Mon, Oct 20","10:59 PM on Mon, Oct 20",8 hr 54 min,2.0,425.0,2.7076716238688823,18.712439121823174,1900-10-20 14:05:00,4284300.0,1900-10-20 22:59:00,4316340.0,534
17,17,ITH_DCA3,True,Delta,ITH,DCA,"5:40 AM on Mon, Oct 20","2:25 PM on Mon, Oct 20",8 hr 45 min,2.0,505.0,2.7076716238688823,18.712439121823174,1900-10-20 05:40:00,4254000.0,1900-10-20 14:25:00,4285500.0,525
18,18,SYR_IAD3,False,United,SYR,IAD,"6:00 AM on Mon, Oct 20","9:01 PM on Mon, Oct 20",15 hr 1 min,1.0,128.0,49.09457496460707,5.410058604672028,1900-10-20 06:00:00,4255200.0,1900-10-20 21:01:00,4309260.0,901
19,19,SYR_IAD4,False,United,SYR,IAD,"6:00 AM on Mon, Oct 20","10:28 PM on Mon, Oct 20",16 hr 28 min,1.0,128.0,49.09457496460707,5.410058604672028,1900-10-20 06:00:00,4255200.0,1900-10-20 22:28:00,4314480.0,988
20,20,SYR_IAD5,False,United,SYR,IAD,"6:00 AM on Mon, Oct 20","7:20 AM on Tue, Oct 21",25 hr 20 min,1.0,128.0,49.09457496460707,5.410058604672028,1900-10-20 06:00:00,4255200.0,1900-10-21 07:20:00,4346400.0,1520
21,21,SYR_IAD6,False,United,SYR,IAD,"6:00 AM on Mon, Oct 20","9:11 PM on Mon, Oct 20",15 hr 11 min,1.0,137.0,49.09457496460707,5.410058604672028,1900-10-20 06:00:00,4255200.0,1900-10-20 21:11:00,4309860.0,911
22,22,SYR_IAD7,False,United,SYR,IAD,"11:03 AM on Mon, Oct 20","9:01 PM on Mon, Oct 20",9 hr 58 min,1.0,138.0,49.09457496460707,5.410058604672028,1900-10-20 11:03:00,4273380.0,1900-10-20 21:01:00,4309260.0,598
23,23,SYR_IAD8,False,United,SYR,IAD,"11:03 AM on Mon, Oct 20","10:28 PM on Mon, Oct 20",11 hr 25 min,1.0,138.0,49.09457496460707,5.410058604672028,1900-10-20 11:03:00,4273380.0,1900-10-20 22:28:00,4314480.0,685
24,24,SYR_IAD9,False,United,SYR,IAD,"11:03 AM on Mon, Oct 20","7:20 AM on Tue, Oct 21",20 hr 17 min,1.0,138.0,49.09457496460707,5.410058604672028,1900-10-20 11:03:00,4273380.0,1900-10-21 07:20:00,4346400.0,1217
25,25,SYR_IAD10,False,United,SYR,IAD,"11:03 AM on Mon, Oct 20","7:32 AM on Tue, Oct 21",20 hr 29 min,1.0,138.0,49.09457496460707,5.410058604672028,1900-10-20 11:03:00,4273380.0,1900-10-21 07:32:00,4347120.0,1229
26,26,SYR_IAD11,False,United,SYR,IAD,"11:03 AM on Mon, Oct 20","9:11 PM on Mon, Oct 20",10 hr 8 min,1.0,147.0,49.09457496460707,5.410058604672028,1900-10-20 11:03:00,4273380.0,1900-10-20 21:11:00,4309860.0,608
27,27,SYR_IAD12,False,United,SYR,IAD,"6:00 AM on Mon, Oct 20","4:28 PM on Mon, Oct 20",10 hr 28 min,1.0,167.0,49.09457496460707,5.410058604672028,1900-10-20 06:00:00,4255200.0,1900-10-20 16:28:00,4292880.0,628
28,28,SYR_IAD13,False,United,SYR,IAD,"6:00 AM on Mon, Oct 20","4:05 PM on Mon, Oct 20",10 hr 5 min,1.0,186.0,49.09457496460707,5.410058604672028,1900-10-20 06:00:00,4255200.0,1900-10-20 16:05:00,4291500.0,605
29,29,SYR_IAD14,False,Delta,SYR,IAD,"5:37 AM on Mon, Oct 20","11:57 AM on Mon, Oct 20",6 hr 20 min,1.0,214.0,49.09457496460707,5.410058604672028,1900-10-20 05:37:00,4253820.0,1900-10-20 11:57:00,4276620.0,380
30,30,SYR_IAD15,False,American,SYR,IAD,"5:29 PM on Mon, Oct 20","11:53 PM on Mon, Oct 20",6 hr 24 min,1.0,214.0,49.09457496460707,5.410058604672028,1900-10-20 17:29:00,4296540.0,1900-10-20 23:53:00,4319580.0,384
31,31,SYR_IAD16,False,United,SYR,IAD,"6:15 AM on Mon, Oct 20","9:01 PM on Mon, Oct 20",14 hr 46 min,2.0,219.0,49.09457496460707,5.410058604672028,1900-10-20 06:15:00,4256100.0,1900-10-20 21:01:00,4309260.0,886
32,32,SYR_IAD17,False,United,SYR,IAD,"11:03 AM on Mon, Oct 20","11:31 AM on Tue, Oct 21",24 hr 28 min,1.0,221.0,49.09457496460707,5.410058604672028,1900-10-20 11:03:00,4273380.0,1900-10-21 11:31:00,4361460.0,1468
33,33,SYR_IAD18,False,United,SYR,IAD,"11:03 AM on Mon, Oct 20","4:05 PM on Mon, Oct 20",5 hr 2 min,1.0,245.0,49.09457496460707,5.410058604672028,1900-10-20 11:03:00,4273380.0,1900-10-20 16:05:00,4291500.0,302
34,34,SYR_IAD21,False,United,SYR,IAD,"5:43 PM on Mon, Oct 20","7:32 AM on Tue, Oct 21",13 hr 49 min,2.0,249.0,49.09457496460707,5.410058604672028,1900-10-20 17:43:00,4297380.0,1900-10-21 07:32:00,4347120.0,829
35,35,SYR_IAD22,False,United,SYR,IAD,"6:00 AM on Mon, Oct 20","9:25 PM on Mon, Oct 20",15 hr 25 min,2.0,256.0,49.09457496460707,5.410058604672028,1900-10-20 06:00:00,4255200.0,1900-10-20 21:25:00,4310700.0,925
36,36,SYR_IAD24,False,Delta,SYR,IAD,"6:00 AM on Mon, Oct 20","11:29 AM on Mon, Oct 20",5 hr 29 min,1.0,279.0,49.09457496460707,5.410058604672028,1900-10-20 06:00:00,4255200.0,1900-10-20 11:29:00,4274940.0,329
37,37,SYR_IAD25,False,United,SYR,IAD,"5:43 PM on Mon, Oct 20","7:29 AM on Tue, Oct 21",13 hr 46 min,2.0,286.0,49.09457496460707,5.410058604672028,1900-10-20 17:43:00,4297380.0,1900-10-21 07:29:00,4346940.0,826
38,38,SYR_IAD26,False,United,SYR,IAD,"12:39 PM on Mon, Oct 20","9:25 PM on Mon, Oct 20",8 hr 46 min,2.0,315.0,49.09457496460707,5.410058604672028,1900-10-20 12:39:00,4279140.0,1900-10-20 21:25:00,4310700.0,526
39,39,SYR_IAD27,False,United,SYR,IAD,"12:39 PM on Mon, Oct 20","11:55 AM on Tue, Oct 21",23 hr 16 min,1.0,328.0,49.09457496460707,5.410058604672028,1900-10-20 12:39:00,4279140.0,1900-10-21 11:55:00,4362900.0,1396
40,40,SYR_IAD28,False,United,SYR,IAD,"5:43 PM on Mon, Oct 20","11:55 AM on Tue, Oct 21",18 hr 12 min,1.0,328.0,49.09457496460707,5.410058604672028,1900-10-20 17:43:00,4297380.0,1900-10-21 11:55:00,4362900.0,1092
41,41,SYR_IAD29,False,United,SYR,IAD,"5:43 PM on Mon, Oct 20","1:51 PM on Tue, Oct 21",20 hr 8 min,1.0,328.0,49.09457496460707,5.410058604672028,1900-10-20 17:43:00,4297380.0,1900-10-21 13:51:00,4369860.0,1208
42,42,SYR_IAD30,False,United,SYR,IAD,"5:43 PM on Mon, Oct 20","3:57 PM on Tue, Oct 21",22 hr 14 min,1.0,328.0,49.09457496460707,5.410058604672028,1900-10-20 17:43:00,4297380.0,1900-10-21 15:57:00,4377420.0,1334
43,43,SYR_IAD31,False,United,SYR,IAD,"5:43 PM on Mon, Oct 20","5:37 PM on Tue, Oct 21",23 hr 54 min,1.0,328.0,49.09457496460707,5.410058604672028,1900-10-20 17:43:00,4297380.0,1900-10-21 17:37:00,4383420.0,1434
44,44,SYR_IAD32,False,United,SYR,IAD,"5:43 PM on Mon, Oct 20","7:18 AM on Tue, Oct 21",13 hr 35 min,2.0,344.0,49.09457496460707,5.410058604672028,1900-10-20 17:43:00,4297380.0,1900-10-21 07:18:00,4346280.0,815
45,45,SYR_IAD34,False,United,SYR,IAD,"6:15 AM on Mon, Oct 20","4:11 PM on Mon, Oct 20",9 hr 56 min,2.0,382.0,49.09457496460707,5.410058604672028,1900-10-20 06:15:00,4256100.0,1900-10-20 16:11:00,4291860.0,596
46,46,SYR_IAD35,False,United,SYR,IAD,"12:39 PM on Mon, Oct 20","9:10 PM on Mon, Oct 20",8 hr 31 min,2.0,382.0,49.09457496460707,5.410058604672028,1900-10-20 12:39:00,4279140.0,1900-10-20 21:10:00,4309800.0,511
47,47,SYR_IAD36,False,United,SYR,IAD,"6:15 AM on Mon, Oct 20","3:57 PM on Mon, Oct 20",9 hr 42 min,1.0,382.0,49.09457496460707,5.410058604672028,1900-10-20 06:15:00,4256100.0,1900-10-20 15:57:00,4291020.0,582
48,48,SYR_IAD37,False,United,SYR,IAD,"6:15 AM on Mon, Oct 20","12:21 AM on Tue, Oct 21",18 hr 6 min,1.0,382.0,49.09457496460707,5.410058604672028,1900-10-20 06:15:00,4256100.0,1900-10-21 00:21:00,4321260.0,1086
49,49,SYR_IAD38,False,United,SYR,IAD,"10:40 AM on Mon, Oct 20","12:21 AM on Tue, Oct 21",13 hr 41 min,1.0,382.0,49.09457496460707,5.410058604672028,1900-10-20 10:40:00,4272000.0,1900-10-21 00:21:00,4321260.0,821
50,50,SYR_IAD39,False,United,SYR,IAD,"12:39 PM on Mon, Oct 20","12:21 AM on Tue, Oct 21",11 hr 42 min,1.0,382.0,49.09457496460707,5.410058604672028,1900-10-20 12:39:00,4279140.0,1900-10-21 00:21:00,4321260.0,702
51,51,SYR_IAD40,False,United,SYR,IAD,"6:15 AM on Mon, Oct 20","4:28 PM on Mon, Oct 20",10 hr 13 min,2.0,387.0,49.09457496460707,5.410058604672028,1900-10-20 06:15:00,4256100.0,1900-10-20 16:28:00,4292880.0,613
52,52,SYR_IAD43,False,Delta,SYR,IAD,"5:40 PM on Mon, Oct 20","11:00 PM on Mon, Oct 20",5 hr 20 min,1.0,390.0,49.09457496460707,5.410058604672028,1900-10-20 17:40:00,4297200.0,1900-10-20 23:00:00,4316400.0,320
53,53,SYR_IAD44,False,United,SYR,IAD,"5:43 PM on Mon, Oct 20","7:23 AM on Tue, Oct 21",13 hr 40 min,2.0,391.0,49.09457496460707,5.410058604672028,1900-10-20 17:43:00,4297380.0,1900-10-21 07:23:00,4346580.0,820
54,54,SYR_IAD46,False,American,SYR,IAD,"12:45 PM on Mon, Oct 20","11:53 PM on Mon, Oct 20",11 hr 8 min,2.0,408.0,49.09457496460707,5.410058604672028,1900-10-20 12:45:00,4279500.0,1900-10-20 23:53:00,4319580.0,668
55,55,SYR_IAD47,False,United,SYR,IAD,"5:43 PM on Mon, Oct 20","7:35 AM on Tue, Oct 21",13 hr 52 min,2.0,408.0,49.09457496460707,5.410058604672028,1900-10-20 17:43:00,4297380.0,1900-10-21 07:35:00,4347300.0,832
56,56,SYR_IAD49,False,United,SYR,IAD,"10:40 AM on Mon, Oct 20","9:25 PM on Mon, Oct 20",10 hr 45 min,2.0,408.0,49.09457496460707,5.410058604672028,1900-10-20 10:40:00,4272000.0,1900-10-20 21:25:00,4310700.0,645
57,57,SYR_IAD50,False,United,SYR,IAD,"6:15 AM on Mon, Oct 20","11:55 AM on Mon, Oct 20",5 hr 40 min,1.0,410.0,49.09457496460707,5.410058604672028,1900-10-20 06:15:00,4256100.0,1900-10-20 11:55:00,4276500.0,340
58,58,SYR_IAD51,False,United,SYR,IAD,"6:15 AM on Mon, Oct 20","1:51 PM on Mon, Oct 20",7 hr 36 min,1.0,410.0,49.09457496460707,5.410058604672028,1900-10-20 06:15:00,4256100.0,1900-10-20 13:51:00,4283460.0,456
59,59,SYR_IAD52,False,United,SYR,IAD,"10:40 AM on Mon, Oct 20","3:57 PM on Mon, Oct 20",5 hr 17 min,1.0,410.0,49.09457496460707,5.410058604672028,1900-10-20 10:40:00,4272000.0,1900-10-20 15:57:00,4291020.0,317
60,60,SYR_IAD53,False,United,SYR,IAD,"10:40 AM on Mon, Oct 20","5:37 PM on Mon, Oct 20",6 hr 57 min,1.0,410.0,49.09457496460707,5.410058604672028,1900-10-20 10:40:00,4272000.0,1900-10-20 17:37:00,4297020.0,417
61,61,SYR_IAD54,False,United,SYR,IAD,"12:39 PM on Mon, Oct 20","8:55 PM on Mon, Oct 20",8 hr 16 min,1.0,410.0,49.09457496460707,5.410058604672028,1900-10-20 12:39:00,4279140.0,1900-10-20 20:55:00,4308900.0,496
62,62,SYR_IAD55,False,United,SYR,IAD,"5:43 PM on Mon, Oct 20","12:21 AM on Tue, Oct 21",6 hr 38 min,1.0,410.0,49.09457496460707,5.410058604672028,1900-10-20 17:43:00,4297380.0,1900-10-21 00:21:00,4321260.0,398
63,63,SYR_IAD56,False,United,SYR,IAD,"11:03 AM on Mon, Oct 20","9:18 PM on Mon, Oct 20",10 hr 15 min,2.0,415.0,49.09457496460707,5.410058604672028,1900-10-20 11:03:00,4273380.0,1900-10-20 21:18:00,4310280.0,615
64,64,SYR_IAD57,False,United,SYR,IAD,"6:00 AM on Mon, Oct 20","3:57 PM on Mon, Oct 20",9 hr 57 min,2.0,415.0,49.09457496460707,5.410058604672028,1900-10-20 06:00:00,4255200.0,1900-10-20 15:57:00,4291020.0,597
65,65,SYR_IAD59,False,United,SYR,IAD,"6:00 AM on Mon, Oct 20","5:37 PM on Mon, Oct 20",11 hr 37 min,2.0,415.0,49.09457496460707,5.410058604672028,1900-10-20 06:00:00,4255200.0,1900-10-20 17:37:00,4297020.0,697
66,66,SYR_IAD60,False,United,SYR,IAD,"6:15 AM on Mon, Oct 20","5:37 PM on Mon, Oct 20",11 hr 22 min,1.0,415.0,49.09457496460707,5.410058604672028,1900-10-20 06:15:00,4256100.0,1900-10-20 17:37:00,4297020.0,682
67,67,SYR_IAD61,False,United,SYR,IAD,"10:40 AM on Mon, Oct 20","8:55 PM on Mon, Oct 20",10 hr 15 min,1.0,415.0,49.09457496460707,5.410058604672028,1900-10-20 10:40:00,4272000.0,1900-10-20 20:55:00,4308900.0,615
68,68,SYR_IAD62,False,United,SYR,IAD,"6:15 AM on Mon, Oct 20","4:17 PM on Mon, Oct 20",10 hr 2 min,2.0,419.0,49.09457496460707,5.410058604672028,1900-10-20 06:15:00,4256100.0,1900-10-20 16:17:00,4292220.0,602
69,69,SYR_IAD63,False,American,SYR,IAD,"7:40 AM on Mon, Oct 20","11:53 PM on Mon, Oct 20",16 hr 13 min,2.0,421.0,49.09457496460707,5.410058604672028,1900-10-20 07:40:00,4261200.0,1900-10-20 23:53:00,4319580.0,973
70,70,SYR_IAD64,False,American,SYR,IAD,"11:27 AM on Mon, Oct 20","11:53 PM on Mon, Oct 20",12 hr 26 min,2.0,421.0,49.09457496460707,5.410058604672028,1900-10-20 11:27:00,4274820.0,1900-10-20 23:53:00,4319580.0,746
71,71,SYR_IAD65,False,United,SYR,IAD,"6:00 AM on Mon, Oct 20","3:45 PM on Mon, Oct 20",9 hr 45 min,2.0,426.0,49.09457496460707,5.410058604672028,1900-10-20 06:00:00,4255200.0,1900-10-20 15:45:00,4290300.0,585
72,72,SYR_IAD66,False,United,SYR,IAD,"12:39 PM on Mon, Oct 20","9:18 PM on Mon, Oct 20",8 hr 39 min,2.0,436.0,49.09457496460707,5.410058604672028,1900-10-20 12:39:00,4279140.0,1900-10-20 21:18:00,4310280.0,519
73,73,SYR_IAD67,False,United,SYR,IAD,"6:15 AM on Mon, Oct 20","4:30 PM on Mon, Oct 20",10 hr 15 min,2.0,437.0,49.09457496460707,5.410058604672028,1900-10-20 06:15:00,4256100.0,1900-10-20 16:30:00,4293000.0,615
74,74,SYR_IAD68,False,American,SYR,IAD,"1:38 PM on Mon, Oct 20","7:45 PM on Mon, Oct 20",6 hr 7 min,1.0,440.0,49.09457496460707,5.410058604672028,1900-10-20 13:38:00,4282680.0,1900-10-20 19:45:00,4304700.0,367
75,75,SYR_IAD71,False,United,SYR,IAD,"5:43 PM on Mon, Oct 20","11:34 AM on Tue, Oct 21",17 hr 51 min,2.0,448.0,49.09457496460707,5.410058604672028,1900-10-20 17:43:00,4297380.0,1900-10-21 11:34:00,4361640.0,1071
76,76,SYR_IAD72,False,United,SYR,IAD,"11:03 AM on Mon, Oct 20","12:21 AM on Tue, Oct 21",13 hr 18 min,2.0,464.0,49.09457496460707,5.410058604672028,1900-10-20 11:03:00,4273380.0,1900-10-21 00:21:00,4321260.0,798
77,77,SYR_IAD73,False,American,SYR,IAD,"5:30 AM on Mon, Oct 20","12:39 PM on Mon, Oct 20",7 hr 9 min,1.0,481.0,49.09457496460707,5.410058604672028,1900-10-20 05:30:00,4253400.0,1900-10-20 12:39:00,4279140.0,429
78,78,SYR_IAD75,False,United,SYR,IAD,"6:00 AM on Mon, Oct 20","11:31 AM on Mon, Oct 20",5 hr 31 min,1.0,496.0,49.09457496460707,5.410058604672028,1900-10-20 06:00:00,4255200.0,1900-10-20 11:31:00,4275060.0,331
79,79,SYR_IAD76,False,American,SYR,IAD,"4:45 PM on Mon, Oct 20","11:53 PM on Mon, Oct 20",7 hr 8 min,2.0,505.0,49.09457496460707,5.410058604672028,1900-10-20 16:45:00,4293900.0,1900-10-20 23:53:00,4319580.0,428
80,80,SYR_IAD77,False,United,SYR,IAD,"12:39 PM on Mon, Oct 20","9:01 PM on Mon, Oct 20",8 hr 22 min,2.0,507.0,49.09457496460707,5.410058604672028,1900-10-20 12:39:00,4279140.0,1900-10-20 21:01:00,4309260.0,502
81,81,SYR_IAD78,False,United,SYR,IAD,"6:00 AM on Mon, Oct 20","11:39 AM on Mon, Oct 20",5 hr 39 min,2.0,508.0,49.09457496460707,5.410058604672028,1900-10-20 06:00:00,4255200.0,1900-10-20 11:39:00,4275540.0,339
82,82,SYR_IAD80,False,American,SYR,IAD,"11:28 AM on Mon, Oct 20","5:11 PM on Mon, Oct 20",5 hr 43 min,1.0,527.0,49.09457496460707,5.410058604672028,1900-10-20 11:28:00,4274880.0,1900-10-20 17:11:00,4295460.0,343
83,83,SYR_IAD81,False,Delta,SYR,IAD,"10:02 AM on Mon, Oct 20","4:29 PM on Mon, Oct 20",6 hr 27 min,1.0,550.0,49.09457496460707,5.410058604672028,1900-10-20 10:02:00,4269720.0,1900-10-20 16:29:00,4292940.0,387
84,84,SYR_IAD82,False,United,SYR,IAD,"6:00 AM on Mon, Oct 20","11:55 AM on Mon, Oct 20",5 hr 55 min,2.0,568.0,49.09457496460707,5.410058604672028,1900-10-20 06:00:00,4255200.0,1900-10-20 11:55:00,4276500.0,355
85,85,SYR_IAD85,False,American,SYR,IAD,"5:30 AM on Mon, Oct 20","7:45 PM on Mon, Oct 20",14 hr 15 min,1.0,644.0,49.09457496460707,5.410058604672028,1900-10-20 05:30:00,4253400.0,1900-10-20 19:45:00,4304700.0,855
86,86,SYR_IAD86,False,American,SYR,IAD,"5:30 AM on Mon, Oct 20","11:53 PM on Mon, Oct 20",18 hr 23 min,1.0,644.0,49.09457496460707,5.410058604672028,1900-10-20 05:30:00,4253400.0,1900-10-20 23:53:00,4319580.0,1103
87,87,SYR_IAD87,False,American,SYR,IAD,"11:28 AM on Mon, Oct 20","7:45 PM on Mon, Oct 20",8 hr 17 min,1.0,644.0,49.09457496460707,5.410058604672028,1900-10-20 11:28:00,4274880.0,1900-10-20 19:45:00,4304700.0,497
88,88,SYR_IAD88,False,American,SYR,IAD,"11:28 AM on Mon, Oct 20","11:53 PM on Mon, Oct 20",12 hr 25 min,1.0,644.0,49.09457496460707,5.410058604672028,1900-10-20 11:28:00,4274880.0,1900-10-20 23:53:00,4319580.0,745
89,89,SYR_IAD89,False,American,SYR,IAD,"11:28 AM on Mon, Oct 20","9:55 AM on Tue, Oct 21",22 hr 27 min,1.0,644.0,49.09457496460707,5.410058604672028,1900-10-20 11:28:00,4274880.0,1900-10-21 09:55:00,4355700.0,1347
90,90,SYR_IAD90,False,American,SYR,IAD,"5:29 PM on Mon, Oct 20","9:55 AM on Tue, Oct 21",16 hr 26 min,1.0,644.0,49.09457496460707,5.410058604672028,1900-10-20 17:29:00,4296540.0,1900-10-21 09:55:00,4355700.0,986
91,91,SYR_IAD91,False,American,SYR,IAD,"5:29 PM on Mon, Oct 20","1:48 PM on Tue, Oct 21",20 hr 19 min,1.0,644.0,49.09457496460707,5.410058604672028,1900-10-20 17:29:00,4296540.0,1900-10-21 13:48:00,4369680.0,1219
92,92,SYR_IAD92,False,United,SYR,IAD,"6:15 AM on Mon, Oct 20","3:45 PM on Mon, Oct 20",9 hr 30 min,2.0,655.0,49.09457496460707,5.410058604672028,1900-10-20 06:15:00,4256100.0,1900-10-20 15:45:00,4290300.0,570
93,93,SYR_IAD93,False,United,SYR,IAD,"6:00 AM on Mon, Oct 20","11:45 AM on Mon, Oct 20",5 hr 45 min,2.0,670.0,49.09457496460707,5.410058604672028,1900-10-20 06:00:00,4255200.0,1900-10-20 11:45:00,4275900.0,345
94,94,SYR_IAD94,False,American,SYR,IAD,"1:38 PM on Mon, Oct 20","11:53 PM on Mon, Oct 20",10 hr 15 min,1.0,672.0,49.09457496460707,5.410058604672028,1900-10-20 13:38:00,4282680.0,1900-10-20 23:53:00,4319580.0,615
95,95,SYR_IAD95,False,American,SYR,IAD,"1:38 PM on Mon, Oct 20","9:55 AM on Tue, Oct 21",20 hr 17 min,1.0,672.0,49.09457496460707,5.410058604672028,1900-10-20 13:38:00,4282680.0,1900-10-21 09:55:00,4355700.0,1217
96,96,SYR_IAD96,False,American,SYR,IAD,"1:38 PM on Mon, Oct 20","1:48 PM on Tue, Oct 21",24 hr 10 min,1.0,672.0,49.09457496460707,5.410058604672028,1900-10-20 13:38:00,4282680.0,1900-10-21 13:48:00,4369680.0,1450
97,97,SYR_IAD97,False,American,SYR,IAD,"5:30 AM on Mon, Oct 20","5:11 PM on Mon, Oct 20",11 hr 41 min,1.0,674.0,49.09457496460707,5.410058604672028,1900-10-20 05:30:00,4253400.0,1900-10-20 17:11:00,4295460.0,701
98,98,SYR_IAD98,False,American,SYR,IAD,"7:14 PM on Mon, Oct 20","9:55 AM on Tue, Oct 21",14 hr 41 min,2.0,683.0,49.09457496460707,5.410058604672028,1900-10-20 19:14:00,4302840.0,1900-10-21 09:55:00,4355700.0,881
99,99,SYR_IAD99,False,United,SYR,IAD,"6:15 AM on Mon, Oct 20","3:53 PM on Mon, Oct 20",9 hr 38 min,2.0,703.0,49.09457496460707,5.410058604672028,1900-10-20 06:15:00,4256100.0,1900-10-20 15:53:00,4290780.0,578
100,100,SYR_IAD100,False,United,SYR,IAD,"6:00 AM on Mon, Oct 20","3:53 PM on Mon, Oct 20",9 hr 53 min,2.0,709.0,49.09457496460707,5.410058604672028,1900-10-20 06:00:00,4255200.0,1900-10-20 15:53:00,4290780.0,593
101,101,SYR_IAD101,False,American,SYR,IAD,"6:09 AM on Mon, Oct 20","7:45 PM on Mon, Oct 20",13 hr 36 min,2.0,768.0,49.09457496460707,5.410058604672028,1900-10-20 06:09:00,4255740.0,1900-10-20 19:45:00,4304700.0,816
102,102,SYR_IAD102,False,American,SYR,IAD,"6:09 AM on Mon, Oct 20","11:53 PM on Mon, Oct 20",17 hr 44 min,2.0,768.0,49.09457496460707,5.410058604672028,1900-10-20 06:09:00,4255740.0,1900-10-20 23:53:00,4319580.0,1064
103,103,SYR_IAD103,False,American,SYR,IAD,"1:44 PM on Mon, Oct 20","11:53 PM on Mon, Oct 20",10 hr 9 min,2.0,768.0,49.09457496460707,5.410058604672028,1900-10-20 13:44:00,4283040.0,1900-10-20 23:53:00,4319580.0,609
104,104,SYR_IAD105,False,American,SYR,IAD,"6:09 AM on Mon, Oct 20","12:39 PM on Mon, Oct 20",6 hr 30 min,2.0,1159.0,49.09457496460707,5.410058604672028,1900-10-20 06:09:00,4255740.0,1900-10-20 12:39:00,4279140.0,390
105,105,SYR_DCA1,True,United,SYR,DCA,"11:03 AM on Mon, Oct 20","3:22 PM on Mon, Oct 20",4 hr 19 min,1.0,214.0,49.09457496460707,18.712439121823174,1900-10-20 11:03:00,4273380.0,1900-10-20 15:22:00,4288920.0,259
106,106,SYR_DCA2,True,Delta,SYR,DCA,"5:37 AM on Mon, Oct 20","10:06 AM on Mon, Oct 20",4 hr 29 min,1.0,230.0,49.09457496460707,18.712439121823174,1900-10-20 05:37:00,4253820.0,1900-10-20 10:06:00,4269960.0,269
107,107,SYR_DCA3,False,United,SYR,DCA,"6:00 AM on Mon, Oct 20","3:22 PM on Mon, Oct 20",9 hr 22 min,1.0,128.0,49.09457496460707,18.712439121823174,1900-10-20 06:00:00,4255200.0,1900-10-20 15:22:00,4288920.0,562
108,108,SYR_DCA4,False,United,SYR,DCA,"6:00 AM on Mon, Oct 20","4:22 PM on Mon, Oct 20",10 hr 22 min,1.0,128.0,49.09457496460707,18.712439121823174,1900-10-20 06:00:00,4255200.0,1900-10-20 16:22:00,4292520.0,622
109,109,SYR_DCA5,False,United,SYR,DCA,"6:00 AM on Mon, Oct 20","5:47 PM on Mon, Oct 20",11 hr 47 min,1.0,128.0,49.09457496460707,18.712439121823174,1900-10-20 06:00:00,4255200.0,1900-10-20 17:47:00,4297620.0,707
110,110,SYR_DCA6,False,United,SYR,DCA,"6:00 AM on Mon, Oct 20","9:37 PM on Mon, Oct 20",15 hr 37 min,1.0,128.0,49.09457496460707,18.712439121823174,1900-10-20 06:00:00,4255200.0,1900-10-20 21:37:00,4311420.0,937
111,111,SYR_DCA7,False,United,SYR,DCA,"6:00 AM on Mon, Oct 20","2:22 PM on Mon, Oct 20",8 hr 22 min,1.0,137.0,49.09457496460707,18.712439121823174,1900-10-20 06:00:00,4255200.0,1900-10-20 14:22:00,4285320.0,502
112,112,SYR_DCA8,False,American,SYR,DCA,"12:45 PM on Mon, Oct 20","7:45 AM on Tue, Oct 21",19 hr,1.0,147.0,49.09457496460707,18.712439121823174,1900-10-20 12:45:00,4279500.0,1900-10-21 07:45:00,4347900.0,1140
113,113,SYR_DCA9,False,American,SYR,DCA,"12:45 PM on Mon, Oct 20","9:10 AM on Tue, Oct 21",20 hr 25 min,1.0,147.0,49.09457496460707,18.712439121823174,1900-10-20 12:45:00,4279500.0,1900-10-21 09:10:00,4353000.0,1225
114,114,SYR_DCA10,False,American,SYR,DCA,"12:45 PM on Mon, Oct 20","10:05 AM on Tue, Oct 21",21 hr 20 min,1.0,147.0,49.09457496460707,18.712439121823174,1900-10-20 12:45:00,4279500.0,1900-10-21 10:05:00,4356300.0,1280
115,115,SYR_DCA11,False,American,SYR,DCA,"12:45 PM on Mon, Oct 20","11:03 AM on Tue, Oct 21",22 hr 18 min,1.0,147.0,49.09457496460707,18.712439121823174,1900-10-20 12:45:00,4279500.0,1900-10-21 11:03:00,4359780.0,1338
116,116,SYR_DCA12,False,United,SYR,DCA,"11:03 AM on Mon, Oct 20","9:37 PM on Mon, Oct 20",10 hr 34 min,1.0,163.0,49.09457496460707,18.712439121823174,1900-10-20 11:03:00,4273380.0,1900-10-20 21:37:00,4311420.0,634
117,117,SYR_DCA13,False,United,SYR,DCA,"6:00 AM on Mon, Oct 20","8:06 PM on Mon, Oct 20",14 hr 6 min,1.0,167.0,49.09457496460707,18.712439121823174,1900-10-20 06:00:00,4255200.0,1900-10-20 20:06:00,4305960.0,846
118,118,SYR_DCA14,False,American,SYR,DCA,"7:14 PM on Mon, Oct 20","7:45 AM on Tue, Oct 21",12 hr 31 min,2.0,198.0,49.09457496460707,18.712439121823174,1900-10-20 19:14:00,4302840.0,1900-10-21 07:45:00,4347900.0,751
119,119,SYR_DCA15,False,American,SYR,DCA,"7:14 PM on Mon, Oct 20","9:10 AM on Tue, Oct 21",13 hr 56 min,2.0,198.0,49.09457496460707,18.712439121823174,1900-10-20 19:14:00,4302840.0,1900-10-21 09:10:00,4353000.0,836
120,120,SYR_DCA16,False,American,SYR,DCA,"7:14 PM on Mon, Oct 20","10:05 AM on Tue, Oct 21",14 hr 51 min,2.0,198.0,49.09457496460707,18.712439121823174,1900-10-20 19:14:00,4302840.0,1900-10-21 10:05:00,4356300.0,891
121,121,SYR_DCA17,False,American,SYR,DCA,"7:14 PM on Mon, Oct 20","11:03 AM on Tue, Oct 21",15 hr 49 min,2.0,198.0,49.09457496460707,18.712439121823174,1900-10-20 19:14:00,4302840.0,1900-10-21 11:03:00,4359780.0,949
122,122,SYR_DCA18,False,United,SYR,DCA,"11:03 AM on Mon, Oct 20","8:06 PM on Mon, Oct 20",9 hr 3 min,1.0,202.0,49.09457496460707,18.712439121823174,1900-10-20 11:03:00,4273380.0,1900-10-20 20:06:00,4305960.0,543
123,123,SYR_DCA19,False,American,SYR,DCA,"5:29 PM on Mon, Oct 20","7:50 AM on Tue, Oct 21",14 hr 21 min,2.0,213.0,49.09457496460707,18.712439121823174,1900-10-20 17:29:00,4296540.0,1900-10-21 07:50:00,4348200.0,861
124,124,SYR_DCA20,False,American,SYR,DCA,"5:30 AM on Mon, Oct 20","11:06 AM on Mon, Oct 20",5 hr 36 min,1.0,214.0,49.09457496460707,18.712439121823174,1900-10-20 05:30:00,4253400.0,1900-10-20 11:06:00,4273560.0,336
125,125,SYR_DCA21,False,United,SYR,DCA,"6:00 AM on Mon, Oct 20","9:58 AM on Mon, Oct 20",3 hr 58 min,1.0,214.0,49.09457496460707,18.712439121823174,1900-10-20 06:00:00,4255200.0,1900-10-20 09:58:00,4269480.0,238
126,126,SYR_DCA22,False,United,SYR,DCA,"6:00 AM on Mon, Oct 20","12:19 PM on Mon, Oct 20",6 hr 19 min,1.0,214.0,49.09457496460707,18.712439121823174,1900-10-20 06:00:00,4255200.0,1900-10-20 12:19:00,4277940.0,379
127,127,SYR_DCA23,False,United,SYR,DCA,"11:03 AM on Mon, Oct 20","4:22 PM on Mon, Oct 20",5 hr 19 min,1.0,214.0,49.09457496460707,18.712439121823174,1900-10-20 11:03:00,4273380.0,1900-10-20 16:22:00,4292520.0,319
128,128,SYR_DCA24,False,United,SYR,DCA,"11:03 AM on Mon, Oct 20","5:47 PM on Mon, Oct 20",6 hr 44 min,1.0,214.0,49.09457496460707,18.712439121823174,1900-10-20 11:03:00,4273380.0,1900-10-20 17:47:00,4297620.0,404
129,129,SYR_DCA25,False,American,SYR,DCA,"1:44 PM on Mon, Oct 20","7:59 PM on Mon, Oct 20",6 hr 15 min,1.0,214.0,49.09457496460707,18.712439121823174,1900-10-20 13:44:00,4283040.0,1900-10-20 19:59:00,4305540.0,375
130,130,SYR_DCA26,False,American,SYR,DCA,"3:22 PM on Mon, Oct 20","7:59 PM on Mon, Oct 20",4 hr 37 min,1.0,214.0,49.09457496460707,18.712439121823174,1900-10-20 15:22:00,4288920.0,1900-10-20 19:59:00,4305540.0,277
131,131,SYR_DCA27,False,Delta,SYR,DCA,"4:13 PM on Mon, Oct 20","11:04 PM on Mon, Oct 20",6 hr 51 min,1.0,214.0,49.09457496460707,18.712439121823174,1900-10-20 16:13:00,4291980.0,1900-10-20 23:04:00,4316640.0,411
132,132,SYR_DCA28,False,Delta,SYR,DCA,"5:00 PM on Mon, Oct 20","10:51 PM on Mon, Oct 20",5 hr 51 min,1.0,214.0,49.09457496460707,18.712439121823174,1900-10-20 17:00:00,4294800.0,1900-10-20 22:51:00,4315860.0,351
133,133,SYR_DCA29,False,American,SYR,DCA,"5:29 PM on Mon, Oct 20","10:16 PM on Mon, Oct 20",4 hr 47 min,1.0,214.0,49.09457496460707,18.712439121823174,1900-10-20 17:29:00,4296540.0,1900-10-20 22:16:00,4313760.0,287
134,134,SYR_DCA30,False,American,SYR,DCA,"5:29 PM on Mon, Oct 20","11:59 PM on Mon, Oct 20",6 hr 30 min,1.0,214.0,49.09457496460707,18.712439121823174,1900-10-20 17:29:00,4296540.0,1900-10-20 23:59:00,4319940.0,390
135,135,SYR_DCA31,False,American,SYR,DCA,"12:45 PM on Mon, Oct 20","10:00 PM on Mon, Oct 20",9 hr 15 min,1.0,222.0,49.09457496460707,18.712439121823174,1900-10-20 12:45:00,4279500.0,1900-10-20 22:00:00,4312800.0,555
136,136,SYR_DCA32,False,United,SYR,DCA,"6:00 AM on Mon, Oct 20","10:28 AM on Mon, Oct 20",4 hr 28 min,1.0,229.0,49.09457496460707,18.712439121823174,1900-10-20 06:00:00,4255200.0,1900-10-20 10:28:00,4271280.0,268
137,137,SYR_DCA33,False,Delta,SYR,DCA,"11:20 AM on Mon, Oct 20","6:00 PM on Mon, Oct 20",6 hr 40 min,1.0,230.0,49.09457496460707,18.712439121823174,1900-10-20 11:20:00,4274400.0,1900-10-20 18:00:00,4298400.0,400
138,138,SYR_DCA34,False,Delta,SYR,DCA,"5:00 PM on Mon, Oct 20","8:59 PM on Mon, Oct 20",3 hr 59 min,1.0,230.0,49.09457496460707,18.712439121823174,1900-10-20 17:00:00,4294800.0,1900-10-20 20:59:00,4309140.0,239
139,139,SYR_DCA35,False,American,SYR,DCA,"5:29 PM on Mon, Oct 20","6:48 AM on Tue, Oct 21",13 hr 19 min,2.0,236.0,49.09457496460707,18.712439121823174,1900-10-20 17:29:00,4296540.0,1900-10-21 06:48:00,4344480.0,799
140,140,SYR_DCA37,False,American,SYR,DCA,"7:14 PM on Mon, Oct 20","6:48 AM on Tue, Oct 21",11 hr 34 min,2.0,236.0,49.09457496460707,18.712439121823174,1900-10-20 19:14:00,4302840.0,1900-10-21 06:48:00,4344480.0,694
141,141,SYR_DCA38,False,American,SYR,DCA,"5:29 PM on Mon, Oct 20","7:09 AM on Tue, Oct 21",13 hr 40 min,2.0,241.0,49.09457496460707,18.712439121823174,1900-10-20 17:29:00,4296540.0,1900-10-21 07:09:00,4345740.0,820
142,142,SYR_DCA40,False,American,SYR,DCA,"7:14 PM on Mon, Oct 20","7:09 AM on Tue, Oct 21",11 hr 55 min,2.0,241.0,49.09457496460707,18.712439121823174,1900-10-20 19:14:00,4302840.0,1900-10-21 07:09:00,4345740.0,715
143,143,SYR_DCA41,False,American,SYR,DCA,"12:45 PM on Mon, Oct 20","10:57 PM on Mon, Oct 20",10 hr 12 min,2.0,245.0,49.09457496460707,18.712439121823174,1900-10-20 12:45:00,4279500.0,1900-10-20 22:57:00,4316220.0,612
144,144,SYR_DCA42,False,American,SYR,DCA,"3:22 PM on Mon, Oct 20","6:48 AM on Tue, Oct 21",15 hr 26 min,2.0,256.0,49.09457496460707,18.712439121823174,1900-10-20 15:22:00,4288920.0,1900-10-21 06:48:00,4344480.0,926
145,145,SYR_DCA43,False,American,SYR,DCA,"8:06 PM on Mon, Oct 20","9:20 AM on Tue, Oct 21",13 hr 14 min,2.0,258.0,49.09457496460707,18.712439121823174,1900-10-20 20:06:00,4305960.0,1900-10-21 09:20:00,4353600.0,794
146,146,SYR_DCA44,False,American,SYR,DCA,"7:14 PM on Mon, Oct 20","6:49 AM on Tue, Oct 21",11 hr 35 min,2.0,260.0,49.09457496460707,18.712439121823174,1900-10-20 19:14:00,4302840.0,1900-10-21 06:49:00,4344540.0,695
147,147,SYR_DCA45,False,American,SYR,DCA,"5:30 AM on Mon, Oct 20","4:55 PM on Mon, Oct 20",11 hr 25 min,2.0,304.0,49.09457496460707,18.712439121823174,1900-10-20 05:30:00,4253400.0,1900-10-20 16:55:00,4294500.0,685
148,148,SYR_DCA46,False,American,SYR,DCA,"5:30 AM on Mon, Oct 20","7:12 PM on Mon, Oct 20",13 hr 42 min,2.0,304.0,49.09457496460707,18.712439121823174,1900-10-20 05:30:00,4253400.0,1900-10-20 19:12:00,4302720.0,822
149,149,SYR_DCA48,False,American,SYR,DCA,"5:30 AM on Mon, Oct 20","9:15 PM on Mon, Oct 20",15 hr 45 min,2.0,304.0,49.09457496460707,18.712439121823174,1900-10-20 05:30:00,4253400.0,1900-10-20 21:15:00,4310100.0,945
150,150,SYR_DCA50,False,American,SYR,DCA,"5:30 AM on Mon, Oct 20","3:55 PM on Mon, Oct 20",10 hr 25 min,2.0,317.0,49.09457496460707,18.712439121823174,1900-10-20 05:30:00,4253400.0,1900-10-20 15:55:00,4290900.0,625
151,151,SYR_DCA51,False,American,SYR,DCA,"11:27 AM on Mon, Oct 20","9:00 AM on Tue, Oct 21",21 hr 33 min,1.0,328.0,49.09457496460707,18.712439121823174,1900-10-20 11:27:00,4274820.0,1900-10-21 09:00:00,4352400.0,1293
152,152,SYR_DCA52,False,United,SYR,DCA,"12:39 PM on Mon, Oct 20","8:58 AM on Tue, Oct 21",20 hr 19 min,1.0,328.0,49.09457496460707,18.712439121823174,1900-10-20 12:39:00,4279140.0,1900-10-21 08:58:00,4352280.0,1219
153,153,SYR_DCA53,False,United,SYR,DCA,"12:39 PM on Mon, Oct 20","9:58 AM on Tue, Oct 21",21 hr 19 min,1.0,328.0,49.09457496460707,18.712439121823174,1900-10-20 12:39:00,4279140.0,1900-10-21 09:58:00,4355880.0,1279
154,154,SYR_DCA54,False,American,SYR,DCA,"4:45 PM on Mon, Oct 20","9:00 AM on Tue, Oct 21",16 hr 15 min,1.0,328.0,49.09457496460707,18.712439121823174,1900-10-20 16:45:00,4293900.0,1900-10-21 09:00:00,4352400.0,975
155,155,SYR_DCA55,False,American,SYR,DCA,"4:45 PM on Mon, Oct 20","11:00 AM on Tue, Oct 21",18 hr 15 min,1.0,328.0,49.09457496460707,18.712439121823174,1900-10-20 16:45:00,4293900.0,1900-10-21 11:00:00,4359600.0,1095
156,156,SYR_DCA56,False,United,SYR,DCA,"5:43 PM on Mon, Oct 20","8:58 AM on Tue, Oct 21",15 hr 15 min,1.0,328.0,49.09457496460707,18.712439121823174,1900-10-20 17:43:00,4297380.0,1900-10-21 08:58:00,4352280.0,915
157,157,SYR_DCA57,False,United,SYR,DCA,"5:43 PM on Mon, Oct 20","9:58 AM on Tue, Oct 21",16 hr 15 min,1.0,328.0,49.09457496460707,18.712439121823174,1900-10-20 17:43:00,4297380.0,1900-10-21 09:58:00,4355880.0,975
158,158,SYR_DCA58,False,United,SYR,DCA,"5:43 PM on Mon, Oct 20","10:58 AM on Tue, Oct 21",17 hr 15 min,1.0,328.0,49.09457496460707,18.712439121823174,1900-10-20 17:43:00,4297380.0,1900-10-21 10:58:00,4359480.0,1035
159,159,SYR_DCA59,False,United,SYR,DCA,"5:43 PM on Mon, Oct 20","11:59 AM on Tue, Oct 21",18 hr 16 min,1.0,328.0,49.09457496460707,18.712439121823174,1900-10-20 17:43:00,4297380.0,1900-10-21 11:59:00,4363140.0,1096
160,160,SYR_DCA60,False,United,SYR,DCA,"5:43 PM on Mon, Oct 20","12:59 PM on Tue, Oct 21",19 hr 16 min,1.0,328.0,49.09457496460707,18.712439121823174,1900-10-20 17:43:00,4297380.0,1900-10-21 12:59:00,4366740.0,1156
161,161,SYR_DCA61,False,United,SYR,DCA,"5:43 PM on Mon, Oct 20","2:16 PM on Tue, Oct 21",20 hr 33 min,1.0,328.0,49.09457496460707,18.712439121823174,1900-10-20 17:43:00,4297380.0,1900-10-21 14:16:00,4371360.0,1233
162,162,SYR_DCA62,False,American,SYR,DCA,"8:06 PM on Mon, Oct 20","9:00 AM on Tue, Oct 21",12 hr 54 min,1.0,328.0,49.09457496460707,18.712439121823174,1900-10-20 20:06:00,4305960.0,1900-10-21 09:00:00,4352400.0,774
163,163,SYR_DCA63,False,American,SYR,DCA,"8:06 PM on Mon, Oct 20","11:00 AM on Tue, Oct 21",14 hr 54 min,1.0,328.0,49.09457496460707,18.712439121823174,1900-10-20 20:06:00,4305960.0,1900-10-21 11:00:00,4359600.0,894
164,164,SYR_DCA64,False,American,SYR,DCA,"8:06 PM on Mon, Oct 20","4:13 PM on Tue, Oct 21",20 hr 7 min,1.0,328.0,49.09457496460707,18.712439121823174,1900-10-20 20:06:00,4305960.0,1900-10-21 16:13:00,4378380.0,1207
165,165,SYR_DCA65,False,American,SYR,DCA,"7:14 PM on Mon, Oct 20","10:35 AM on Tue, Oct 21",15 hr 21 min,2.0,329.0,49.09457496460707,18.712439121823174,1900-10-20 19:14:00,4302840.0,1900-10-21 10:35:00,4358100.0,921
166,166,SYR_DCA66,False,American,SYR,DCA,"8:06 PM on Mon, Oct 20","9:55 AM on Tue, Oct 21",13 hr 49 min,2.0,335.0,49.09457496460707,18.712439121823174,1900-10-20 20:06:00,4305960.0,1900-10-21 09:55:00,4355700.0,829
167,167,SYR_DCA67,False,American,SYR,DCA,"5:30 AM on Mon, Oct 20","6:39 PM on Mon, Oct 20",13 hr 9 min,2.0,348.0,49.09457496460707,18.712439121823174,1900-10-20 05:30:00,4253400.0,1900-10-20 18:39:00,4300740.0,789
168,168,SYR_DCA68,False,American,SYR,DCA,"8:06 PM on Mon, Oct 20","9:10 AM on Tue, Oct 21",13 hr 4 min,2.0,349.0,49.09457496460707,18.712439121823174,1900-10-20 20:06:00,4305960.0,1900-10-21 09:10:00,4353000.0,784
169,169,SYR_DCA69,False,American,SYR,DCA,"7:14 PM on Mon, Oct 20","6:59 AM on Tue, Oct 21",11 hr 45 min,2.0,357.0,49.09457496460707,18.712439121823174,1900-10-20 19:14:00,4302840.0,1900-10-21 06:59:00,4345140.0,705
170,170,SYR_DCA70,False,JetBlue,SYR,DCA,"6:00 AM on Mon, Oct 20","10:06 AM on Mon, Oct 20",4 hr 6 min,1.0,362.0,49.09457496460707,18.712439121823174,1900-10-20 06:00:00,4255200.0,1900-10-20 10:06:00,4269960.0,246
171,171,SYR_DCA71,False,United,SYR,DCA,"11:03 AM on Mon, Oct 20","8:21 AM on Tue, Oct 21",21 hr 18 min,1.0,362.0,49.09457496460707,18.712439121823174,1900-10-20 11:03:00,4273380.0,1900-10-21 08:21:00,4350060.0,1278
172,172,SYR_DCA72,False,American,SYR,DCA,"8:06 PM on Mon, Oct 20","2:28 PM on Tue, Oct 21",18 hr 22 min,1.0,362.0,49.09457496460707,18.712439121823174,1900-10-20 20:06:00,4305960.0,1900-10-21 14:28:00,4372080.0,1102
173,173,SYR_DCA73,False,American,SYR,DCA,"8:06 PM on Mon, Oct 20","9:14 AM on Tue, Oct 21",13 hr 8 min,2.0,364.0,49.09457496460707,18.712439121823174,1900-10-20 20:06:00,4305960.0,1900-10-21 09:14:00,4353240.0,788
174,174,SYR_DCA74,False,American,SYR,DCA,"5:30 AM on Mon, Oct 20","4:28 PM on Mon, Oct 20",10 hr 58 min,2.0,366.0,49.09457496460707,18.712439121823174,1900-10-20 05:30:00,4253400.0,1900-10-20 16:28:00,4292880.0,658
175,175,SYR_DCA76,False,American,SYR,DCA,"11:28 AM on Mon, Oct 20","10:57 PM on Mon, Oct 20",11 hr 29 min,2.0,375.0,49.09457496460707,18.712439121823174,1900-10-20 11:28:00,4274880.0,1900-10-20 22:57:00,4316220.0,689
176,176,SYR_DCA77,False,American,SYR,DCA,"8:06 PM on Mon, Oct 20","7:44 AM on Tue, Oct 21",11 hr 38 min,2.0,378.0,49.09457496460707,18.712439121823174,1900-10-20 20:06:00,4305960.0,1900-10-21 07:44:00,4347840.0,698
177,177,SYR_DCA78,False,United,SYR,DCA,"6:15 AM on Mon, Oct 20","3:51 PM on Mon, Oct 20",9 hr 36 min,1.0,382.0,49.09457496460707,18.712439121823174,1900-10-20 06:15:00,4256100.0,1900-10-20 15:51:00,4290660.0,576
178,178,SYR_DCA79,False,United,SYR,DCA,"10:40 AM on Mon, Oct 20","9:03 PM on Mon, Oct 20",10 hr 23 min,1.0,382.0,49.09457496460707,18.712439121823174,1900-10-20 10:40:00,4272000.0,1900-10-20 21:03:00,4309380.0,623
179,179,SYR_DCA80,False,United,SYR,DCA,"10:40 AM on Mon, Oct 20","10:43 PM on Mon, Oct 20",12 hr 3 min,1.0,382.0,49.09457496460707,18.712439121823174,1900-10-20 10:40:00,4272000.0,1900-10-20 22:43:00,4315380.0,723
180,180,SYR_DCA81,False,American,SYR,DCA,"11:27 AM on Mon, Oct 20","11:12 PM on Mon, Oct 20",11 hr 45 min,1.0,382.0,49.09457496460707,18.712439121823174,1900-10-20 11:27:00,4274820.0,1900-10-20 23:12:00,4317120.0,705
181,181,SYR_DCA82,False,Delta,SYR,DCA,"12:17 PM on Mon, Oct 20","6:39 PM on Mon, Oct 20",6 hr 22 min,1.0,390.0,49.09457496460707,18.712439121823174,1900-10-20 12:17:00,4277820.0,1900-10-20 18:39:00,4300740.0,382
182,182,SYR_DCA83,False,Delta,SYR,DCA,"1:00 PM on Mon, Oct 20","6:59 PM on Mon, Oct 20",5 hr 59 min,1.0,390.0,49.09457496460707,18.712439121823174,1900-10-20 13:00:00,4280400.0,1900-10-20 18:59:00,4301940.0,359
183,183,SYR_DCA84,False,Delta,SYR,DCA,"5:40 PM on Mon, Oct 20","10:59 PM on Mon, Oct 20",5 hr 19 min,1.0,390.0,49.09457496460707,18.712439121823174,1900-10-20 17:40:00,4297200.0,1900-10-20 22:59:00,4316340.0,319
184,184,SYR_DCA85,False,JetBlue,SYR,DCA,"6:00 AM on Mon, Oct 20","11:13 AM on Mon, Oct 20",5 hr 13 min,1.0,402.0,49.09457496460707,18.712439121823174,1900-10-20 06:00:00,4255200.0,1900-10-20 11:13:00,4273980.0,313
185,185,SYR_DCA86,False,American,SYR,DCA,"12:45 PM on Mon, Oct 20","8:59 PM on Mon, Oct 20",8 hr 14 min,1.0,402.0,49.09457496460707,18.712439121823174,1900-10-20 12:45:00,4279500.0,1900-10-20 20:59:00,4309140.0,494
186,186,SYR_DCA87,False,JetBlue,SYR,DCA,"6:00 AM on Mon, Oct 20","12:59 PM on Mon, Oct 20",6 hr 59 min,1.0,407.0,49.09457496460707,18.712439121823174,1900-10-20 06:00:00,4255200.0,1900-10-20 12:59:00,4280340.0,419
187,187,SYR_DCA88,False,United,SYR,DCA,"6:15 AM on Mon, Oct 20","11:59 AM on Mon, Oct 20",5 hr 44 min,1.0,410.0,49.09457496460707,18.712439121823174,1900-10-20 06:15:00,4256100.0,1900-10-20 11:59:00,4276740.0,344
188,188,SYR_DCA89,False,United,SYR,DCA,"6:15 AM on Mon, Oct 20","12:59 PM on Mon, Oct 20",6 hr 44 min,1.0,410.0,49.09457496460707,18.712439121823174,1900-10-20 06:15:00,4256100.0,1900-10-20 12:59:00,4280340.0,404
189,189,SYR_DCA90,False,United,SYR,DCA,"6:15 AM on Mon, Oct 20","2:16 PM on Mon, Oct 20",8 hr 1 min,1.0,410.0,49.09457496460707,18.712439121823174,1900-10-20 06:15:00,4256100.0,1900-10-20 14:16:00,4284960.0,481
190,190,SYR_DCA91,False,United,SYR,DCA,"10:40 AM on Mon, Oct 20","3:51 PM on Mon, Oct 20",5 hr 11 min,1.0,410.0,49.09457496460707,18.712439121823174,1900-10-20 10:40:00,4272000.0,1900-10-20 15:51:00,4290660.0,311
191,191,SYR_DCA92,False,United,SYR,DCA,"10:40 AM on Mon, Oct 20","5:01 PM on Mon, Oct 20",6 hr 21 min,1.0,410.0,49.09457496460707,18.712439121823174,1900-10-20 10:40:00,4272000.0,1900-10-20 17:01:00,4294860.0,381
192,192,SYR_DCA93,False,United,SYR,DCA,"10:40 AM on Mon, Oct 20","6:03 PM on Mon, Oct 20",7 hr 23 min,1.0,410.0,49.09457496460707,18.712439121823174,1900-10-20 10:40:00,4272000.0,1900-10-20 18:03:00,4298580.0,443
193,193,SYR_DCA94,False,United,SYR,DCA,"12:39 PM on Mon, Oct 20","6:03 PM on Mon, Oct 20",5 hr 24 min,1.0,410.0,49.09457496460707,18.712439121823174,1900-10-20 12:39:00,4279140.0,1900-10-20 18:03:00,4298580.0,324
194,194,SYR_DCA95,False,United,SYR,DCA,"12:39 PM on Mon, Oct 20","7:03 PM on Mon, Oct 20",6 hr 24 min,1.0,410.0,49.09457496460707,18.712439121823174,1900-10-20 12:39:00,4279140.0,1900-10-20 19:03:00,4302180.0,384
195,195,SYR_DCA96,False,United,SYR,DCA,"12:39 PM on Mon, Oct 20","9:03 PM on Mon, Oct 20",8 hr 24 min,1.0,410.0,49.09457496460707,18.712439121823174,1900-10-20 12:39:00,4279140.0,1900-10-20 21:03:00,4309380.0,504
196,196,SYR_DCA97,False,United,SYR,DCA,"5:43 PM on Mon, Oct 20","10:43 PM on Mon, Oct 20",5 hr,1.0,410.0,49.09457496460707,18.712439121823174,1900-10-20 17:43:00,4297380.0,1900-10-20 22:43:00,4315380.0,300
197,197,SYR_DCA98,False,American,SYR,DCA,"11:27 AM on Mon, Oct 20","8:16 PM on Mon, Oct 20",8 hr 49 min,1.0,415.0,49.09457496460707,18.712439121823174,1900-10-20 11:27:00,4274820.0,1900-10-20 20:16:00,4306560.0,529
198,198,SYR_DCA99,False,American,SYR,DCA,"11:27 AM on Mon, Oct 20","10:15 PM on Mon, Oct 20",10 hr 48 min,1.0,415.0,49.09457496460707,18.712439121823174,1900-10-20 11:27:00,4274820.0,1900-10-20 22:15:00,4313700.0,648
199,199,SYR_DCA101,False,Delta,SYR,DCA,"6:00 AM on Mon, Oct 20","11:47 AM on Mon, Oct 20",5 hr 47 min,1.0,460.0,49.09457496460707,18.712439121823174,1900-10-20 06:00:00,4255200.0,1900-10-20 11:47:00,4276020.0,347
200,200,SYR_DCA102,False,Delta,SYR,DCA,"6:14 AM on Mon, Oct 20","12:27 PM on Mon, Oct 20",6 hr 13 min,1.0,460.0,49.09457496460707,18.712439121823174,1900-10-20 06:14:00,4256040.0,1900-10-20 12:27:00,4278420.0,373
201,201,SYR_DCA104,False,American,SYR,DCA,"5:30 AM on Mon, Oct 20","2:35 PM on Mon, Oct 20",9 hr 5 min,2.0,471.0,49.09457496460707,18.712439121823174,1900-10-20 05:30:00,4253400.0,1900-10-20 14:35:00,4286100.0,545
202,202,SYR_DCA106,False,American,SYR,DCA,"5:30 AM on Mon, Oct 20","12:59 PM on Mon, Oct 20",7 hr 29 min,1.0,481.0,49.09457496460707,18.712439121823174,1900-10-20 05:30:00,4253400.0,1900-10-20 12:59:00,4280340.0,449
203,203,SYR_DCA107,False,American,SYR,DCA,"6:09 AM on Mon, Oct 20","9:29 AM on Mon, Oct 20",3 hr 20 min,1.0,481.0,49.09457496460707,18.712439121823174,1900-10-20 06:09:00,4255740.0,1900-10-20 09:29:00,4267740.0,200
204,204,SYR_DCA108,False,American,SYR,DCA,"1:38 PM on Mon, Oct 20","7:59 PM on Mon, Oct 20",6 hr 21 min,1.0,481.0,49.09457496460707,18.712439121823174,1900-10-20 13:38:00,4282680.0,1900-10-20 19:59:00,4305540.0,381
205,205,SYR_DCA109,False,American,SYR,DCA,"11:27 AM on Mon, Oct 20","4:13 PM on Mon, Oct 20",4 hr 46 min,1.0,500.0,49.09457496460707,18.712439121823174,1900-10-20 11:27:00,4274820.0,1900-10-20 16:13:00,4291980.0,286
206,206,SYR_DCA110,False,American,SYR,DCA,"4:45 PM on Mon, Oct 20","10:15 PM on Mon, Oct 20",5 hr 30 min,1.0,500.0,49.09457496460707,18.712439121823174,1900-10-20 16:45:00,4293900.0,1900-10-20 22:15:00,4313700.0,330
207,207,SYR_DCA111,False,American,SYR,DCA,"4:45 PM on Mon, Oct 20","11:12 PM on Mon, Oct 20",6 hr 27 min,1.0,500.0,49.09457496460707,18.712439121823174,1900-10-20 16:45:00,4293900.0,1900-10-20 23:12:00,4317120.0,387
208,208,SYR_DCA113,False,American,SYR,DCA,"11:28 AM on Mon, Oct 20","3:59 PM on Mon, Oct 20",4 hr 31 min,1.0,527.0,49.09457496460707,18.712439121823174,1900-10-20 11:28:00,4274880.0,1900-10-20 15:59:00,4291140.0,271
209,209,SYR_DCA114,False,American,SYR,DCA,"12:45 PM on Mon, Oct 20","5:03 PM on Mon, Oct 20",4 hr 18 min,1.0,527.0,49.09457496460707,18.712439121823174,1900-10-20 12:45:00,4279500.0,1900-10-20 17:03:00,4294980.0,258
210,210,SYR_DCA115,False,American,SYR,DCA,"1:38 PM on Mon, Oct 20","7:06 PM on Mon, Oct 20",5 hr 28 min,1.0,527.0,49.09457496460707,18.712439121823174,1900-10-20 13:38:00,4282680.0,1900-10-20 19:06:00,4302360.0,328
211,211,SYR_DCA116,False,American,SYR,DCA,"1:44 PM on Mon, Oct 20","5:56 PM on Mon, Oct 20",4 hr 12 min,1.0,527.0,49.09457496460707,18.712439121823174,1900-10-20 13:44:00,4283040.0,1900-10-20 17:56:00,4298160.0,252
212,212,SYR_DCA117,False,Delta,SYR,DCA,"6:14 AM on Mon, Oct 20","10:15 AM on Mon, Oct 20",4 hr 1 min,1.0,550.0,49.09457496460707,18.712439121823174,1900-10-20 06:14:00,4256040.0,1900-10-20 10:15:00,4270500.0,241
213,213,SYR_DCA118,False,American,SYR,DCA,"5:29 PM on Mon, Oct 20","3:47 PM on Tue, Oct 21",22 hr 18 min,1.0,644.0,49.09457496460707,18.712439121823174,1900-10-20 17:29:00,4296540.0,1900-10-21 15:47:00,4376820.0,1338
214,214,SYR_DCA119,False,American,SYR,DCA,"6:00 AM on Mon, Oct 20","12:59 AM on Tue, Oct 21",18 hr 59 min,1.0,707.0,49.09457496460707,18.712439121823174,1900-10-20 06:00:00,4255200.0,1900-10-21 00:59:00,4323540.0,1139
215,215,SYR_DCA120,False,American,SYR,DCA,"5:29 PM on Mon, Oct 20","12:54 PM on Tue, Oct 21",19 hr 25 min,1.0,938.0,49.09457496460707,18.712439121823174,1900-10-20 17:29:00,4296540.0,1900-10-21 12:54:00,4366440.0,1165
